id,name,created_at,updated_at
2131,ANF,2020-02-14 16:49:58.624762,2020-02-14 17:18:06.342532
2132,CP,2020-02-14 16:49:58.636732,2020-02-14 17:18:06.354460
2133,GO!,2020-02-14 16:49:58.644742,2020-02-14 17:18:06.363436
2134,HALO,2020-02-14 16:49:58.653686,2020-02-14 17:18:06.372411
2135,K9 Natural,2020-02-14 16:49:58.690587,2020-02-14 17:18:06.382385
2136,NOW,2020-02-14 16:49:58.702557,2020-02-14 17:18:06.390363
2137,곰표,2020-02-14 16:49:58.713525,2020-02-14 17:18:06.397345
2138,굿프랜드,2020-02-14 16:49:58.721505,2020-02-14 17:18:06.404326
2139,나인케어,2020-02-14 16:49:58.731479,2020-02-14 17:18:06.412305
2140,내추럴발란스,2020-02-14 16:49:58.739495,2020-02-14 17:18:06.420284
2141,너리쉬,2020-02-14 16:49:58.748458,2020-02-14 17:18:06.431253
2142,네이처스 버라이어티,2020-02-14 16:49:58.757410,2020-02-14 17:18:06.440230
2143,네츄럴코어,2020-02-14 16:49:58.766387,2020-02-14 17:18:06.448222
2144,네츄럴홀릭,2020-02-14 16:49:58.776360,2020-02-14 17:18:06.456187
2145,뉴웨이브,2020-02-14 16:49:58.788327,2020-02-14 17:18:06.464166
2146,뉴트리나,2020-02-14 16:49:58.796303,2020-02-14 17:18:06.472144
2147,뉴트리플랜,2020-02-14 16:49:58.804282,2020-02-14 17:18:06.480123
2148,더독,2020-02-14 16:49:58.812261,2020-02-14 17:18:06.487104
2149,더리얼,2020-02-14 16:49:58.820239,2020-02-14 17:18:06.494086
2150,데이스포제스트,2020-02-14 16:49:58.830213,2020-02-14 17:18:06.502064
2151,도그랑,2020-02-14 16:49:58.839228,2020-02-14 17:18:06.509046
2152,도그즈파인푸드,2020-02-14 16:49:58.847200,2020-02-14 17:18:06.516028
2153,도비,2020-02-14 16:49:58.855146,2020-02-14 17:18:06.523009
2154,럭셔리발란스,2020-02-14 16:49:58.863125,2020-02-14 17:18:06.530993
2155,로얄캐닌,2020-02-14 16:49:58.870109,2020-02-14 17:18:06.537969
2156,로우즈,2020-02-14 16:49:58.878086,2020-02-14 17:18:06.546944
2157,로투스,2020-02-14 16:49:58.889056,2020-02-14 17:18:06.554923
2158,롬,2020-02-14 16:49:58.897034,2020-02-14 17:18:06.561906
2159,맘블레스,2020-02-14 16:49:58.905013,2020-02-14 17:18:06.569885
2160,맥아담스,2020-02-14 16:49:58.912991,2020-02-14 17:18:06.579859
2161,베기도그,2020-02-14 16:49:58.920970,2020-02-14 17:18:06.589832
2162,베츠키친,2020-02-14 16:49:58.928949,2020-02-14 17:18:06.598837
2163,보레알,2020-02-14 16:49:58.936928,2020-02-14 17:18:06.611771
2164,브레이버리,2020-02-14 16:49:58.944908,2020-02-14 17:18:06.620781
2165,블랙호크,2020-02-14 16:49:58.952885,2020-02-14 17:18:06.629750
2166,블루키친,2020-02-14 16:49:58.961861,2020-02-14 17:18:06.637728
2167,비어파,2020-02-14 16:49:58.969840,2020-02-14 17:18:06.646677
2168,빈티지,2020-02-14 16:49:58.978845,2020-02-14 17:18:06.655667
2169,스내피톰,2020-02-14 16:49:58.986794,2020-02-14 17:18:06.664641
2170,스텔라앤츄이스,2020-02-14 16:49:58.994773,2020-02-14 17:18:06.673608
2171,시리우스,2020-02-14 16:49:59.002751,2020-02-14 17:18:06.683580
2172,시저,2020-02-14 16:49:59.009734,2020-02-14 17:18:06.692556
2173,아보덤,2020-02-14 16:49:59.018709,2020-02-14 17:18:06.701534
2174,아스쿠,2020-02-14 16:49:59.025691,2020-02-14 17:18:06.712535
2175,아침애,2020-02-14 16:49:59.033669,2020-02-14 17:18:06.722477
2176,아카나,2020-02-14 16:49:59.041649,2020-02-14 17:18:06.731452
2177,애니펫,2020-02-14 16:49:59.050625,2020-02-14 17:18:06.740427
2178,앱솔루트,2020-02-14 16:49:59.059600,2020-02-14 17:18:06.750402
2179,오리젠,2020-02-14 16:49:59.067578,2020-02-14 17:18:06.759376
2180,오리지7,2020-02-14 16:49:59.076556,2020-02-14 17:18:06.768384
2181,올가밀,2020-02-14 16:49:59.084533,2020-02-14 17:18:06.776331
2182,워프,2020-02-14 16:49:59.092538,2020-02-14 17:18:06.783312
2183,웰니스,2020-02-14 16:49:59.100518,2020-02-14 17:18:06.791291
2184,웰스비,2020-02-14 16:49:59.107472,2020-02-14 17:18:06.798272
2185,웰츠,2020-02-14 16:49:59.115451,2020-02-14 17:18:06.806251
2186,위시본,2020-02-14 16:49:59.126455,2020-02-14 17:18:06.814229
2187,이나바,2020-02-14 16:49:59.134429,2020-02-14 17:18:06.821244
2188,이즈칸,2020-02-14 16:49:59.142379,2020-02-14 17:18:06.829215
2189,인섹트도그,2020-02-14 16:49:59.151354,2020-02-14 17:18:06.837168
2190,지그니쳐,2020-02-14 16:49:59.159361,2020-02-14 17:18:06.845147
2191,지위픽,2020-02-14 16:49:59.166336,2020-02-14 17:18:06.853138
2192,질캐나다,2020-02-14 16:49:59.175290,2020-02-14 17:18:06.862137
2193,치킨수프,2020-02-14 16:49:59.183269,2020-02-14 17:18:06.870110
2194,카루,2020-02-14 16:49:59.191248,2020-02-14 17:18:06.881055
2195,캐나다프레쉬,2020-02-14 16:49:59.199226,2020-02-14 17:18:06.889062
2196,테라카니스,2020-02-14 16:49:59.210204,2020-02-14 17:18:06.898006
2197,토우,2020-02-14 16:49:59.218176,2020-02-14 17:18:06.907986
2198,토탈 이퀼리브리오,2020-02-14 16:49:59.227181,2020-02-14 17:18:06.917958
2199,트로벳,2020-02-14 16:49:59.235161,2020-02-14 17:18:06.925938
2200,트루라인,2020-02-14 16:49:59.243109,2020-02-14 17:18:06.934908
2201,펫츠프라임,2020-02-14 16:49:59.251088,2020-02-14 17:18:06.945877
2202,포르자10,2020-02-14 16:49:59.259066,2020-02-14 17:18:06.953858
2203,푸치앤머트,2020-02-14 16:49:59.267045,2020-02-14 17:18:06.962875
2204,풀무원아미오,2020-02-14 16:49:59.275023,2020-02-14 17:18:06.969814
2205,퓨리나,2020-02-14 16:49:59.282023,2020-02-14 17:18:06.978791
2206,퓨어비타,2020-02-14 16:49:59.290981,2020-02-14 17:18:06.986803
2207,프로베스트,2020-02-14 16:49:59.298960,2020-02-14 17:18:06.994748
2208,피니키,2020-02-14 16:49:59.305941,2020-02-14 17:18:07.006717
2209,피쉬포독,2020-02-14 16:49:59.313945,2020-02-14 17:18:07.016689
2210,하루애,2020-02-14 16:49:59.320902,2020-02-14 17:18:07.026664
2211,하림펫푸드,2020-02-14 16:49:59.328890,2020-02-14 17:18:07.035637
2212,힐스,2020-02-14 16:49:59.336858,2020-02-14 17:18:07.043617
2213,K9,2020-02-14 16:49:59.343840,2020-02-14 17:18:07.051610
2214,NURO,2020-02-14 16:49:59.351830,2020-02-14 17:18:07.062567
2215,공기밥,2020-02-14 16:49:59.360827,2020-02-14 17:18:07.070576
2216,내추럴플래닛,2020-02-14 16:49:59.368797,2020-02-14 17:18:07.079559
2217,뉴트리언스,2020-02-14 16:49:59.376751,2020-02-14 17:18:07.086544
2218,닥터소프트,2020-02-14 16:49:59.383740,2020-02-14 17:18:07.093484
2219,메라독,2020-02-14 16:49:59.392711,2020-02-14 17:18:07.101462
2220,벨포아,2020-02-14 16:49:59.400713,2020-02-14 17:18:07.108443
2221,벳츠,2020-02-14 16:49:59.408666,2020-02-14 17:18:07.115424
2222,아나멧,2020-02-14 16:49:59.416645,2020-02-14 17:18:07.122406
2223,알파스피릿,2020-02-14 16:49:59.423626,2020-02-14 17:18:07.129397
2224,에스비락,2020-02-14 16:49:59.431605,2020-02-14 17:18:07.136369
2225,이퀼리브리오,2020-02-14 16:49:59.439583,2020-02-14 17:18:07.143349
2226,캐니대,2020-02-14 16:49:59.448584,2020-02-14 17:18:07.152325
2227,퓨어럭스,2020-02-14 16:49:59.458534,2020-02-14 17:18:07.159307
2228,프로내이쳐,2020-02-14 16:49:59.466538,2020-02-14 17:18:07.166288
2229,하림,2020-02-14 16:49:59.474491,2020-02-14 17:18:07.174267
2230,GO,2020-02-14 16:49:59.483491,2020-02-14 17:18:07.181248
2231,nulo,2020-02-14 16:49:59.491445,2020-02-14 17:18:07.188230
2232,건강백서,2020-02-14 16:49:59.498426,2020-02-14 17:18:07.195212
2233,네이처스로직,2020-02-14 16:49:59.507404,2020-02-14 17:18:07.203190
2234,벅스펫,2020-02-14 16:49:59.515382,2020-02-14 17:18:07.210170
2235,블루버팔로,2020-02-14 16:49:59.523385,2020-02-14 17:18:07.217152
2236,선데이펫,2020-02-14 16:49:59.531338,2020-02-14 17:18:07.224134
2237,세이프브이투,2020-02-14 16:49:59.539317,2020-02-14 17:18:07.232113
2238,솔리드골드,2020-02-14 16:49:59.548307,2020-02-14 17:18:07.239093
2239,에센셜푸드,2020-02-14 16:49:59.556272,2020-02-14 17:18:07.246075
2240,오븐베이크,2020-02-14 16:49:59.566247,2020-02-14 17:18:07.253056
2241,이퀄리브리오,2020-02-14 16:49:59.576219,2020-02-14 17:18:07.260038
2242,인스팅트,2020-02-14 16:49:59.586193,2020-02-14 17:18:07.268016
2243,카나간,2020-02-14 16:49:59.596198,2020-02-14 17:18:07.275994
2244,쿠쿳,2020-02-14 16:49:59.605141,2020-02-14 17:18:07.283999
2245,퍼스트초이스,2020-02-14 16:49:59.614118,2020-02-14 17:18:07.294944
2246,페로,2020-02-14 16:49:59.624091,2020-02-14 17:18:07.302923
2247,풀무원,2020-02-14 16:49:59.631073,2020-02-14 17:18:07.310901
2248,프레쉬노크,2020-02-14 16:49:59.640049,2020-02-14 17:18:07.317882
2249,피너클,2020-02-14 16:49:59.649025,2020-02-14 17:18:07.325862
2250,CARU(카루),2020-02-14 16:49:59.656006,2020-02-14 17:18:07.333841
2251,GO!(고우),2020-02-14 16:49:59.662987,2020-02-14 17:18:07.340822
2252,K9 (냉동건조사료),2020-02-14 16:49:59.670966,2020-02-14 17:18:07.348802
2253,NOW(나우),2020-02-14 16:49:59.679941,2020-02-14 17:18:07.356779
2254,네츄럴코어(베네),2020-02-14 16:49:59.686923,2020-02-14 17:18:07.363770
2255,네츄럴코어(소프트),2020-02-14 16:49:59.695900,2020-02-14 17:18:07.372736
2256,뉴트리나(건강백서),2020-02-14 16:49:59.704883,2020-02-14 17:18:07.380715
2257,뉴트리탑,2020-02-14 16:49:59.712854,2020-02-14 17:18:07.388706
2258,더독 (닥터소프트),2020-02-14 16:49:59.720832,2020-02-14 17:18:07.395675
2259,도그밥(수제사료),2020-02-14 16:49:59.728811,2020-02-14 17:18:07.403654
2260,럭셔리 발란스,2020-02-14 16:49:59.736790,2020-02-14 17:18:07.413627
2261,맛선,2020-02-14 16:49:59.743770,2020-02-14 17:18:07.421606
2262,바이오나,2020-02-14 16:49:59.751750,2020-02-14 17:18:07.429589
2263,아보덤(피너클),2020-02-14 16:49:59.758732,2020-02-14 17:18:07.438560
2264,아침애 수제사료,2020-02-14 16:49:59.766710,2020-02-14 17:18:07.446539
2265,오븐베이크독,2020-02-14 16:49:59.773691,2020-02-14 17:18:07.453521
2266,인섹트독,2020-02-14 16:49:59.780672,2020-02-14 17:18:07.460502
2267,풀무원(유기농),2020-02-14 16:49:59.787654,2020-02-14 17:18:07.467484
2268,풀무원(홀리스틱),2020-02-14 16:49:59.795657,2020-02-14 17:18:07.475462
2269,퓨리나(ONE),2020-02-14 16:49:59.803610,2020-02-14 17:18:07.482443
2270,피니키(FINIKI),2020-02-14 16:49:59.811589,2020-02-14 17:18:07.489424
2271,하림 더리얼,2020-02-14 16:49:59.818570,2020-02-14 17:18:07.496406
2272,헤일로(HALO),2020-02-14 16:49:59.829541,2020-02-14 17:18:07.503387
